"PDB_Name","SSE_Sequence","X._Helix","X._Sheet","X._Coil"
"MPPs_1.pdb","TTTCTTTTTTTHHHHHHHHHC",42.8571428571429,0,57.1428571428571
"MPPs_10.pdb","CCCTTTTTCCTTTCCC",0,0,100
"MPPs_100.pdb","CCCCCCCCCCCCCCCCCCCCCCCCCCCCCCCCCCCTTTCCCTTTCCCCCCTTTCCCCCCCCCCCCCCCCC",0,0,100
"MPPs_101.pdb","HHHHHHHHHHHHHHHHHHCCCCCC",75,0,25
"MPPs_102.pdb","CCCCCCCCTTTTTCEEEETTEEEECC",0,30.7692307692308,69.2307692307692
"MPPs_103.pdb","HHHHHHHHHHHHHHHHHHHC",95,0,5
"MPPs_104.pdb","CHHHHHHHHHHTTTTCC",58.8235294117647,0,41.1764705882353
"MPPs_105.pdb","CHHHHHHHHHHTTTTCC",58.8235294117647,0,41.1764705882353
"MPPs_106.pdb","CCCEEEEETTEEEEECC",0,58.8235294117647,41.1764705882353
"MPPs_107.pdb","HHHHHHHHHHHHHC",92.8571428571429,0,7.14285714285714
"MPPs_108.pdb","CCCCCCCCHHHHHCTTTTHHHHHHHHC",48.1481481481481,0,51.8518518518519
"MPPs_109.pdb","HHHHHHHHHHHHHHHHHHHC",95,0,5
"MPPs_11.pdb","CCCCCTTTTCCCTTTTTTTCTTTCCC",0,0,100
"MPPs_110.pdb","CHHHHHHHHHHHHHHCC",82.3529411764706,0,17.6470588235294
"MPPs_111.pdb","CCCCCCCTTTCCCCCCCCCCTTTTTTTTTCTTTCCCCC",0,0,100
"MPPs_112.pdb","CTTTTCCCCCCCCCCCCCCCCCCC",0,0,100
"MPPs_113.pdb","HHHHHHHHHHHHHHHHHHHHHHHC",95.8333333333333,0,4.16666666666666
"MPPs_114.pdb","CCCCTTTTTTTCCCCCC",0,0,100
"MPPs_115.pdb","HHHHHHHHHHHHTTTTCCCEEETTEEEC",42.8571428571429,21.4285714285714,35.7142857142857
"MPPs_116.pdb","CHHHHHHHHHHHHHHHHCC",84.2105263157895,0,15.7894736842105
"MPPs_117.pdb","CCEEEEEEEETTEEEEEEEEC",0,76.1904761904762,23.8095238095238
"MPPs_119.pdb","CCCCCCCCCCC",0,0,100
"MPPs_12.pdb","CCCCCCCTTTTCCCCCCCCCCC",0,0,100
"MPPs_120.pdb","TTTTTTTCCCCCCCCC",0,0,100
"MPPs_121.pdb","CCCCCCCCCCCCCCCC",0,0,100
"MPPs_122.pdb","CCCTTTTTTTTTTTTTTTCTTTCCCTTTCCCC",0,0,100
"MPPs_123.pdb","CCHHHHHHHHHTTTTTTTCCCCCCCCCCCCCC",28.125,0,71.875
"MPPs_124.pdb","CCEEEEEEEETTEEEEEEEEC",0,76.1904761904762,23.8095238095238
"MPPs_125.pdb","TTTTTCCGGGCCC",23.0769230769231,0,76.9230769230769
"MPPs_126.pdb","CCCCTTTTCTTHHHHHHHHHC",42.8571428571429,0,57.1428571428571
"MPPs_127.pdb","HHHHHHHHHHCCTTTTTTTTC",47.6190476190476,0,52.3809523809524
"MPPs_128.pdb","CCCCCCCCCCTTTHHHHHHHHHHHHHHHHHHHHHC",60,0,40
"MPPs_129.pdb","TTTHHHHHHTTTC",46.1538461538462,0,53.8461538461538
"MPPs_13.pdb","CCCCCCCCCCCCCTTTCCCCCCCCCCCCCCCCCCCCCCCCCCC",0,0,100
"MPPs_130.pdb","CHHHHHHHHHHHHHHHHHHHHHHHHCC",88.8888888888889,0,11.1111111111111
"MPPs_131.pdb","CCCCCCCCCCCCCCC",0,0,100
"MPPs_132.pdb","CHHHHHHHHHHHHHHHHHHHHHHTTTTTTTTTCC",64.7058823529412,0,35.2941176470588
"MPPs_133.pdb","CHHHHHHHHHHHHHHC",87.5,0,12.5
"MPPs_134.pdb","CCTTTCCCTTTTTTC",0,0,100
"MPPs_135.pdb","CCCCCCCC",0,0,100
"MPPs_136.pdb","CCCTTTTTTTTTC",0,0,100
"MPPs_137.pdb","CHHHHHHHHHHHHHHHHHHHHHC",91.304347826087,0,8.69565217391305
"MPPs_138.pdb","HHHHHHHHHHHHHHHHCCCCCC",72.7272727272727,0,27.2727272727273
"MPPs_139.pdb","CCHHHHHHHHHHHHC",80,0,20
"MPPs_14.pdb","CHHHHHHHHHHHHHHHC",88.2352941176471,0,11.7647058823529
"MPPs_140.pdb","CCCCCCCCC",0,0,100
"MPPs_141.pdb","HHHHHHHHHHHHHCCC",81.25,0,18.75
"MPPs_142.pdb","CHHHHHHHHHHHHHHHHHHHHHC",91.304347826087,0,8.69565217391305
"MPPs_143.pdb","HHHHHHHHHHHHHHHC",93.75,0,6.25
"MPPs_144.pdb","CCCCCCCCCC",0,0,100
"MPPs_145.pdb","CCCCCCCCCCCCCCCCCC",0,0,100
"MPPs_146.pdb","HHHHHHHHHHHHHHHHHC",94.4444444444444,0,5.55555555555556
"MPPs_147.pdb","CCTTTTTTTTTC",0,0,100
"MPPs_148.pdb","CHHHHHHHHHHHHHHHHHHHHHHHHC",92.3076923076923,0,7.69230769230769
"MPPs_149.pdb","CHHHHHHHHHHTTTC",66.6666666666667,0,33.3333333333333
"MPPs_15.pdb","CCCCCCCCCCCCCCC",0,0,100
"MPPs_150.pdb","CCCCCCCCCCCC",0,0,100
"MPPs_151.pdb","CCCCCCCCCC",0,0,100
"MPPs_152.pdb","CCCCCCCCCCCC",0,0,100
"MPPs_153.pdb","CCCCCCCCCCCCCTTTTCCCCCCC",0,0,100
"MPPs_154.pdb","CCCHHHHHHHHHTTTC",56.25,0,43.75
"MPPs_155.pdb","CCCCCCCCCCC",0,0,100
"MPPs_156.pdb","CCCCCCC",0,0,100
"MPPs_158.pdb","HHHHHHHHHHHHCCC",80,0,20
"MPPs_159.pdb","TTTTCCCCCCCC",0,0,100
"MPPs_16.pdb","TTTBCTTTTBCHHHHHHHHHHTTTTCCEEEEGGGCEEEEC",32.5,20,47.5
"MPPs_160.pdb","CCCCCCCCTTTTTTTTTTC",0,0,100
"MPPs_161.pdb","CCCCCCCCCCCCCCCC",0,0,100
"MPPs_162.pdb","CCCCCCCCCCCCCC",0,0,100
"MPPs_163.pdb","CCCCCCCCCCCCCCCC",0,0,100
"MPPs_164.pdb","CCCCCCCCCC",0,0,100
"MPPs_165.pdb","CHHHHHHHHHHHHHC",86.6666666666667,0,13.3333333333333
"MPPs_166.pdb","TTTTTTTTTC",0,0,100
"MPPs_167.pdb","CCCCCCCCCC",0,0,100
"MPPs_168.pdb","HHHHHHHHHHHC",91.6666666666667,0,8.33333333333334
"MPPs_169.pdb","CCCCCCTTTTTC",0,0,100
"MPPs_17.pdb","CCCCCCCCCCCCCCCCCCCCCCTTTTCCCCC",0,0,100
"MPPs_170.pdb","CCCCCCCCCCCC",0,0,100
"MPPs_171.pdb","CCCCCCCCCCCC",0,0,100
"MPPs_172.pdb","CCCTTTCCCCCC",0,0,100
"MPPs_173.pdb","CCCCCCCCCCCC",0,0,100
"MPPs_177.pdb","CCCCCCCCCCCCC",0,0,100
"MPPs_178.pdb","CCCCCCCCCC",0,0,100
"MPPs_179.pdb","CCCCCCCCCC",0,0,100
"MPPs_18.pdb","CEEEETTEEEECTTTTHHHHHCC",21.7391304347826,34.7826086956522,43.4782608695652
"MPPs_180.pdb","CCCCCCCCCC",0,0,100
"MPPs_181.pdb","CCCCCCCCC",0,0,100
"MPPs_182.pdb","CCCCCCCCC",0,0,100
"MPPs_183.pdb","CCCCCCCC",0,0,100
"MPPs_184.pdb","CCCCCCCC",0,0,100
"MPPs_185.pdb","CCCCCCCC",0,0,100
"MPPs_186.pdb","CCCCCCC",0,0,100
"MPPs_187.pdb","HHHHHHHHHHHHHC",92.8571428571429,0,7.14285714285714
"MPPs_188.pdb","CCCCCC",0,0,100
"MPPs_189.pdb","CCCCCCCCCCC",0,0,100
"MPPs_19.pdb","CHHHHHHHHHHHHHHHHHHHHHHHC",92,0,8
"MPPs_190.pdb","CCCCCCCCCCCCCCC",0,0,100
"MPPs_191.pdb","TTTCCCCCC",0,0,100
"MPPs_192.pdb","CCCCCCCCCCCCCCCCCCCCCCCCCCCCCC",0,0,100
"MPPs_193.pdb","CCCCCTTTCCCCCCCCCCCCCCCCC",0,0,100
"MPPs_194.pdb","CCCCCCCCCCCCCCCCC",0,0,100
"MPPs_195.pdb","CCCCCCCCCCCCCCCCCC",0,0,100
"MPPs_196.pdb","CCCCCCCCCCCCCTTTCCCCCCCCCCC",0,0,100
"MPPs_197.pdb","CCCCCTTTCCCCCCCTTTCCCCCC",0,0,100
"MPPs_198.pdb","CCCCCTTTCCCCCCCCCCC",0,0,100
"MPPs_199.pdb","CCHHHHHHHHCCCCCC",50,0,50
"MPPs_2.pdb","TTTTHHHHHHHHHHHHHHHHC",76.1904761904762,0,23.8095238095238
"MPPs_20.pdb","HHHHHHHHHHHHHHHHHHHHHHHHHHHHHHHHHCCCCC",86.8421052631579,0,13.1578947368421
"MPPs_200.pdb","CCCTTTTTTCCCCC",0,0,100
"MPPs_201.pdb","CCCCCCCC",0,0,100
"MPPs_202.pdb","TTTTCCCCC",0,0,100
"MPPs_203.pdb","CCCTTTTCC",0,0,100
"MPPs_204.pdb","CCCCCTTT",0,0,100
"MPPs_205.pdb","CCCCCCC",0,0,100
"MPPs_206.pdb","TTTTCCC",0,0,100
"MPPs_209.pdb","CCCCCC",0,0,100
"MPPs_21.pdb","CCTTTTTTCHHHHHHHHHHHHHCCCHHHHHHHHHHHHHHCCCCHHHHHHHHHHTTTHHHHHHHCCCHHHHHHHHHHHHHHTTTTTTTTCC",64.4444444444444,0,35.5555555555556
"MPPs_210.pdb","TTTTTTTTTC",0,0,100
"MPPs_211.pdb","CCCCCCCCC",0,0,100
"MPPs_212.pdb","CCCCCCCCC",0,0,100
"MPPs_213.pdb","TTTTCCC",0,0,100
"MPPs_214.pdb","CCCCCCCCCCCCC",0,0,100
"MPPs_215.pdb","CHHHHHHHHHHHHHHHC",88.2352941176471,0,11.7647058823529
"MPPs_216.pdb","CHHHHHHHHHHHHHHHHHHC",90,0,10
"MPPs_217.pdb","CCCCCCCTTTTTTCCC",0,0,100
"MPPs_218.pdb","CCCCCCCCCCCCCCCCCC",0,0,100
"MPPs_219.pdb","TTTTTTTTTTTTTTTC",0,0,100
"MPPs_22.pdb","CCTTTTTTTTCHHHHHHHHC",40,0,60
"MPPs_220.pdb","CHHHHHHHHHHHHHHHHC",88.8888888888889,0,11.1111111111111
"MPPs_221.pdb","HHHHHHHHHHHHHHHHHHHHHC",95.4545454545455,0,4.54545454545455
"MPPs_222.pdb","HHHHHHHHHHHHHHHCCCCCCC",68.1818181818182,0,31.8181818181818
"MPPs_223.pdb","HHHHHHHTTTTTTC",50,0,50
"MPPs_224.pdb","CCCCCCCCC",0,0,100
"MPPs_225.pdb","HHHHHHHHHHHHHHHHHC",94.4444444444444,0,5.55555555555556
"MPPs_226.pdb","CCCCCCCCC",0,0,100
"MPPs_227.pdb","CCHHHHHHHHHHHHHHHHHHHHHHHHC",88.8888888888889,0,11.1111111111111
"MPPs_228.pdb","CCCCCCCCCCCC",0,0,100
"MPPs_229.pdb","CCCCCCCCCCCCCCCCCCCCCC",0,0,100
"MPPs_23.pdb","CCCCCCCCCCCCCCCCCCCCCTTTCCCCCCCCCCCCCCCCCCCCCCCCCCCCCCCCCCC",0,0,100
"MPPs_230.pdb","HHHHHHHHHHHHHCCC",81.25,0,18.75
"MPPs_231.pdb","TTTHHHHHHHC",63.6363636363636,0,36.3636363636364
"MPPs_232.pdb","CCCCCCCCCCCTTTTC",0,0,100
"MPPs_233.pdb","CHHHHHHHHHHHHHHC",87.5,0,12.5
"MPPs_234.pdb","TTTTCCCCC",0,0,100
"MPPs_235.pdb","HHHHHHHHHHHHCCC",80,0,20
"MPPs_236.pdb","CCCCCCCCCCCCCCC",0,0,100
"MPPs_237.pdb","CCCCCCCCCCCCCCCCCCCC",0,0,100
"MPPs_238.pdb","CCCCCCCCCCCCCCCCCCCC",0,0,100
"MPPs_239.pdb","CCCCCCCCCCCCCCCCCCCC",0,0,100
"MPPs_24.pdb","CCHHHHHHHHHHHCCTTTCCCCCCC",44,0,56
"MPPs_240.pdb","CCCCCCCCCCCCCCCCCCCC",0,0,100
"MPPs_241.pdb","CCCCCCCCCCCCCCCCCCCC",0,0,100
"MPPs_242.pdb","CCCCCCCCCCCCCCCCCCCC",0,0,100
"MPPs_243.pdb","CCCCCCCCCCCCCCCCCCC",0,0,100
"MPPs_244.pdb","TTTCCCCCCCCCCCCCCC",0,0,100
"MPPs_245.pdb","CCCCCCCCCCTTTTCCCCC",0,0,100
"MPPs_246.pdb","CCCCCCCCCCCCCCCCCCC",0,0,100
"MPPs_247.pdb","CCCCCCCCCCTTTTCCTTTTCCCCCCCCCCCC",0,0,100
"MPPs_248.pdb","CCCCCCCCCCCCCCCCCCCCCC",0,0,100
"MPPs_249.pdb","CCCCCCCCCCCCCCCC",0,0,100
"MPPs_25.pdb","CEEEEETTTHHHHHHHHHHHHCCCCEEEETTEEEECC",32.4324324324324,35.1351351351351,32.4324324324324
"MPPs_250.pdb","CCCCCCCCCCCCCCC",0,0,100
"MPPs_251.pdb","CCCCCCCCCCCCCCC",0,0,100
"MPPs_252.pdb","CCCCCCCCCCCCCCC",0,0,100
"MPPs_253.pdb","CCCCCCTTTCCCCCC",0,0,100
"MPPs_254.pdb","CCCCCCGGGCCCCCC",20,0,80
"MPPs_255.pdb","CCCCCCGGGCCCCCC",20,0,80
"MPPs_256.pdb","CCCCCCCCCCCCCCCCCCCCCCCCC",0,0,100
"MPPs_257.pdb","CCCCCCCCCTTTCCCCC",0,0,100
"MPPs_258.pdb","CCCCCCCCCCCCCCCCCCCCCCCCTTTCTTT",0,0,100
"MPPs_259.pdb","CCCCCCCCCCCCCCCTTTTC",0,0,100
"MPPs_26.pdb","TTTBCTTTTBCHHHHHHHHHHTTTTCCEEEEGGGCEEEEC",32.5,20,47.5
"MPPs_260.pdb","CCCCCCCCCCCCCCCCCCCC",0,0,100
"MPPs_261.pdb","CCCCCCCCCCCCCCCCCCCC",0,0,100
"MPPs_262.pdb","CCCCCCCCCCCCTTTTTTTC",0,0,100
"MPPs_263.pdb","CCCCCCCCCCCCCCCCCTTT",0,0,100
"MPPs_264.pdb","CCCCCCCCCCCCCCCCCCCC",0,0,100
"MPPs_265.pdb","CCCCCCCCCCCCCTTTTTTC",0,0,100
"MPPs_266.pdb","CCCCCCCCCCCCTTTTTTTC",0,0,100
"MPPs_267.pdb","CCCCCCCCCCCCCCCCCCCC",0,0,100
"MPPs_268.pdb","CCCCCCCCCCCCCCCCCCCC",0,0,100
"MPPs_269.pdb","CCCCCCCCCCCCHHHHHCCC",25,0,75
"MPPs_27.pdb","CCCCCCCCEEECCCHHHHHHHHHHHTTTTTTTEETTTTCEECTTTEECEETTTCCBC",19.2982456140351,19.2982456140351,61.4035087719298
"MPPs_270.pdb","CCCCCCCCCCCCTTTTTTTC",0,0,100
"MPPs_271.pdb","CCCCCCCCCCCCTTTCCCCC",0,0,100
"MPPs_272.pdb","TTTCCCCCCCCCCCCCCCCC",0,0,100
"MPPs_273.pdb","CCCCCCCCCCCCCCCCCCCC",0,0,100
"MPPs_274.pdb","CCCCCCCCCCCCCTTTCCCC",0,0,100
"MPPs_275.pdb","CCCCCCCCCCCCCCCCTTTC",0,0,100
"MPPs_276.pdb","CCCCCCCCCCCCCCCCCCCC",0,0,100
"MPPs_277.pdb","CCCCCCCCCCCCCCCCCCCC",0,0,100
"MPPs_278.pdb","CCCCCCCCCCCCCCCCCCCC",0,0,100
"MPPs_279.pdb","CCCCCCCCCCCCCCCCCCCC",0,0,100
"MPPs_28.pdb","CHHHHHHHHHHHHHHHHHHHHHHHHHHHHC",93.3333333333333,0,6.66666666666667
"MPPs_280.pdb","CCCCCCCCCCCCCCCCCCCC",0,0,100
"MPPs_281.pdb","CCCCCCCCCCCCCCCCCCCC",0,0,100
"MPPs_282.pdb","CCCCCCCCCCCCCCCCCCCC",0,0,100
"MPPs_283.pdb","CCCCCCCCCTTTTTTCC",0,0,100
"MPPs_284.pdb","CCCCCTTTCTTTTTTCC",0,0,100
"MPPs_285.pdb","CCCCCCCCCCCCCCCCC",0,0,100
"MPPs_286.pdb","CCTTTHHHHHHHHHHHHHHHHHHHHTTTTTC",64.5161290322581,0,35.4838709677419
"MPPs_287.pdb","CCCCCCCCCCTTTTCTTTTCTTTCTTTCCCCC",0,0,100
"MPPs_288.pdb","CCCCCTTTTTTTCCCTTTTCCCTTTTTCCCCC",0,0,100
"MPPs_289.pdb","CCCCCCCCCCCCCCCCTTTCCCCCCCCCCCCC",0,0,100
"MPPs_29.pdb","HHHHHHHHHHHHHHHHHHHHHCCC",87.5,0,12.5
"MPPs_290.pdb","CCCCCCCCCCCCCCCCCCCCTTTTCCCCCCCC",0,0,100
"MPPs_291.pdb","CCCCHHHHHHHHHHHHHHHCCCHHHHHHHHHHHHHHHHHHHHHTTTC",76.5957446808511,0,23.4042553191489
"MPPs_292.pdb","HHHHHHHHHHHHHHHHHHHHHHHTTTTCTTTTTTTTTTTTTTTTCTTTTTTTTTTCTTTTTTTC",35.9375,0,64.0625
"MPPs_293.pdb","CCHHHHHHHHHHHHHHHHHHHHHHHHHHHHHHHTTTTTTTTTTCCCTTTTTHHHHHHHHHHHHHHHHHHHCCTTT",66.6666666666667,0,33.3333333333333
"MPPs_294.pdb","CCCCCCCCEEEETTTTEEEEC",0,38.0952380952381,61.9047619047619
"MPPs_295.pdb","CCCHHHHHHHHHCCCCTTTTTTTTC",36,0,64
"MPPs_296.pdb","CCHHHHHHHHHHHGGGTTTTEEEETTEEEEEEEEEEEETTEEEEEEEEETTTTTCCEEEEEECCHHHHHHHHHHHHHHHHHHHTTTTHHHHHHHHHC",43.298969072165,31.9587628865979,24.7422680412371
"MPPs_297.pdb","HHHHHHHHHHHHHTTTTTTEEEETTEEEEEEEEEEEETTEEEEEEEEEETTTEEEEEEEEECCHHHHHHHHHHHHHHHHHHHTTTTHHHHHHHCC",41.0526315789474,36.8421052631579,22.1052631578947
"MPPs_298.pdb","HHHHHHHHHHHHTTTTTTTEEEETTEEEEEEEEEEEETTEEEEEEEEETTTTTCCEEEEEECCHHHHHHHHHHHHHHHHHHHTTTTHHHHHHHHC",41.0526315789474,32.6315789473684,26.3157894736842
"MPPs_299.pdb","HHHHHHHHHHHHHHHHCCCCEEEEETTEEEEEEEEEEEETTEEEEEEEEETTTTTCCEEEEEECCHHHHHHHHHHHHHHHHHHHTTTTHHHHHHHHHC",44.8979591836735,32.6530612244898,22.4489795918367
"MPPs_3.pdb","CCHHHHHHHHHHHHHHHHHHTTTTC",72,0,28
"MPPs_30.pdb","CCCCCCCCCCCCCCCC",0,0,100
"MPPs_300.pdb","CCHHHHHHHHHHHGGGTTTTEEEETTEEEEEEEEEEEETTEEEEEEEEETTTTTCCEEEEEECCHHHHHHHHHHHHHHHHHHHTTTTHHHHHHHHHC",43.298969072165,31.9587628865979,24.7422680412371
"MPPs_301.pdb","HHHHHHHHHHHHHHCCEEEEEEETTEEEEEEEEEEEETTEEEEEEEEEETTTEEEEEEEEEEECC",21.5384615384615,61.5384615384615,16.9230769230769
"MPPs_302.pdb","HHHHHHHHHHHHHTTEETTEEEETTEEEEEEEEEEEETTEEEEEEEEETTTTTCCEEEEEECCHHHHHHHHHHHHHHHHHHHTTTTHHHHHHHHC",42.1052631578947,34.7368421052632,23.1578947368421
"MPPs_303.pdb","HHHHHHHHHCCCCCTTTTCEEEEEEETTEEEEEEEEEEEETTEEEEEEEEETTTTTCCEEEEEEETTHHHHHHHHHHHHHHHHHHHTTTTGGGGGGGCC",35.3535353535354,35.3535353535354,29.2929292929293
"MPPs_304.pdb","CEEEEEEETTEEEEEEEEEEEETTEEEEEEEEEETTTEEEEEEEEEETTHHHHHHHHHHHHHHHHHHHTTTTGGGGGGGC",32.5,48.75,18.75
"MPPs_305.pdb","CCEEEEEEETTEEEEEEEEEEEETTEEEEEEEEETTTTTCCEEEEEECTTTHHHHHHHHHHHHHHHHHCCCCHHHHGGGCC",29.6296296296296,41.9753086419753,28.3950617283951
"MPPs_306.pdb","CTTTTTTTTTTTTTTTTTTEEEEEETTEEEEEEEEEEEETTEEEEEEEEETTTTTCCEEEEEECCHHHHHHHHHHHHHHHHHHHCCCCHHHHHHHHHC",28.5714285714286,33.6734693877551,37.7551020408163
"MPPs_307.pdb","CHHHHHHHHHHHHCCEEEEEEETTEEEEEEEEEEEETTEEEEEEEEETTTTTCCEEEEEECTTTHHHHHHHHHHHHHHHHHCCCCHHHHGGGCCC",37.8947368421053,35.7894736842105,26.3157894736842
"MPPs_308.pdb","TTTTTTTTTTTTTTTEEEEEEETTEEEEEEEEEEEETTEEEEEEEEETTTTTCCEEEEEECTTTHHHHHHHHHHHHHHHHHCCCCHHHHGGGCCC",25.2631578947368,35.7894736842105,38.9473684210526
"MPPs_309.pdb","CEEEEEEEEEETTEEEEEEEEEEC",0,83.3333333333333,16.6666666666667
"MPPs_31.pdb","CCCCCCCCCTTTHHHHHHHHCCCCCCCCCCCCCCCCCCCCCCCCCCCCCCCCCCCCCCCCCCCCCC",12.1212121212121,0,87.8787878787879
"MPPs_310.pdb","CEEEEEEEEEETTEEEEEEEEEEC",0,83.3333333333333,16.6666666666667
"MPPs_311.pdb","CCCCCCHHHHHHHHHTTTHHHHHHHHHHHHHHHHCCC",67.5675675675676,0,32.4324324324324
"MPPs_312.pdb","CCCCCCCCCCCCCCCHHHHHHHHHHHHHHHHHHCCCCCCCCCTTTTTTTTTBCCCCGGGEEEEEEECCBTTBCCCEEEEEETTTCEEEETTTTHHHHHHHHHHHHC",31.1320754716981,16.0377358490566,52.8301886792453
"MPPs_313.pdb","HHHHHHHHHHHHHHHHHHHTTHHHHHHHHHHHHHHHHTTTTTTTCHHHHHHHHHTTTCCHHHHHHHHHHHC",77.4647887323944,0,22.5352112676056
"MPPs_314.pdb","HHHHHHHHHHHHHHCCEEEEEEETTEEEEEEEEEEEETTEEEEEEEEETTTTTCCEEEEEECTTTTTTTC",20,48.5714285714286,31.4285714285714
"MPPs_315.pdb","HHHHHHHHHHHHHHHHHHHHHHHHHHHHHHHHHHHHHHHHHHHHHHHC",97.9166666666667,0,2.08333333333334
"MPPs_316.pdb","HHHHHHHHHHHHHHHHHHHHHHHHHHHHHHHHHHHHHHHHHHHHHHC",97.8723404255319,0,2.12765957446808
"MPPs_317.pdb","HHHHHHHHHHHHHHHHHHHHHHHHHHHHHHHHHHHHHHHHHHHHC",97.7777777777778,0,2.22222222222223
"MPPs_318.pdb","HHHHHHHHHHHHHHHHHHHHHHHHHHHHC",96.551724137931,0,3.44827586206897
"MPPs_319.pdb","CCHHHHHHHHHHHHHHHHHHHHHHC",88,0,12
"MPPs_32.pdb","CEECCCHHHHHHHHHHHHHCCCHHHHHHHHCCEECCCCCCTTTTTC",45.6521739130435,8.69565217391304,45.6521739130435
"MPPs_320.pdb","CCHHHHHHHHHHHHHHHHHHHHC",86.9565217391304,0,13.0434782608696
"MPPs_321.pdb","CCCGGGGCCEEEETTTCCTTTEEEEbTTTTTTTEEEEEECCC",9.52380952380952,33.3333333333333,57.1428571428571
"MPPs_322.pdb","CCCCCTTTCCCCCC",0,0,100
"MPPs_323.pdb","CHHHHHHHHHHHHHHHC",88.2352941176471,0,11.7647058823529
"MPPs_324.pdb","CCCCCCCCCC",0,0,100
"MPPs_325.pdb","CCCHHHHHHHHHHTTTCCCCC",47.6190476190476,0,52.3809523809524
"MPPs_326.pdb","HHHHHHHHHHHHHHHTTTTCCCCCCCC",55.5555555555556,0,44.4444444444444
"MPPs_327.pdb","HHHHHHHHHHHHHHHHHHHHHHHHHHHHHC",96.6666666666667,0,3.33333333333333
"MPPs_328.pdb","TTTTHHHHHHHHHHHHHHHHHHHHC",80,0,20
"MPPs_329.pdb","TTTTHHHHHHHHHHHHHHHCC",71.4285714285714,0,28.5714285714286
"MPPs_33.pdb","CCCCCCCCCCCCCCTTTCTTTTTTTTTTCCTTTCCCCCCCTTTCCCCCCCTTTCCCCCCCCCCCCCCCC",0,0,100
"MPPs_330.pdb","CHHHHHHHHHHHHHHHHHHC",90,0,10
"MPPs_331.pdb","CEEEEECCCCCCCCCEEECC",0,40,60
"MPPs_332.pdb","CCBCCEEEEEETTTCTTTTCEEEEEEEEEEBCCCEEEEEEETTEETTTTEECCCEETTTTCEEEEEEEEECCTTTTCEEEEEEETTTTTTEEEC",0,51.063829787234,48.936170212766
"MPPs_333.pdb","CHHHHHHHHHHCC",76.9230769230769,0,23.0769230769231
"MPPs_334.pdb","CCCCCCCCCHHHHHHHCCC",36.8421052631579,0,63.1578947368421
"MPPs_34.pdb","TTTTTTTTTTHHHHHHHHHHHHHCCCEEEEETTTEEEEEC",32.5,25,42.5
"MPPs_35.pdb","CCHHHHHHHHHHCTTTTTC",52.6315789473684,0,47.3684210526316
"MPPs_36.pdb","CCCCTTTCCCCCCCCCCCCC",0,0,100
"MPPs_37.pdb","CHHHHHHHHHCCTTTTTTTCC",42.8571428571429,0,57.1428571428571
"MPPs_38.pdb","TTTTTTTTTTHHHHHHHHHHHHHCCCEEEEETTTEEEEEC",32.5,25,42.5
"MPPs_39.pdb","CCCCCCCCCCCCCCCTTTCCCCCCCCCCCC",0,0,100
"MPPs_4.pdb","CCCCCTTHHHHHHHHC",50,0,50
"MPPs_40.pdb","TTTTTTTHHHHHHHHHHHTTTTCEEEEECTTTTTCCEEEEEC",26.1904761904762,23.8095238095238,50
"MPPs_41.pdb","CCCCCCCCCCTTTTTCCCTTTCCCCCTTTTTTHHHHHHHHTTTC",18.1818181818182,0,81.8181818181818
"MPPs_42.pdb","CCCCCCCCCCCCCCCCCCCTTTTTTTCTTTTTTTTCTTTTCCCCHHHHHHHHCC",14.8148148148148,0,85.1851851851852
"MPPs_43.pdb","CCCCCCCCCCCCCCCCCCCCCCCCCCCCTTTTTTCCTTTTCCCCCCTTTTCCCCCTTTHHHHHHC",9.23076923076923,0,90.7692307692308
"MPPs_44.pdb","CCCCCCCCCCCCCCCCCCCCCCCCCTTTTTTTTTTTCCHHHHHHHHCC",16.6666666666667,0,83.3333333333333
"MPPs_45.pdb","CCCCCCCCCCCCCCCCCCCCCCCCBTTTBCCCCCCCCCCC",0,0,100
"MPPs_46.pdb","CCCCCCCCCCCCCCCCCCCCCCCCTTTTCTTTTTTTTCCCCCCCCCCCC",0,0,100
"MPPs_47.pdb","CCCCCCCCCCCCCCCCCCCCCCCCCCCCTTTTCCCCCCCCCCC",0,0,100
"MPPs_48.pdb","CCCCCCCCCCCCCCCCCCTTTTCCCCCCCCCCCCTTTTTCCCCCCCCCCCC",0,0,100
"MPPs_49.pdb","CCCCCCCCCCCCCCCCCCCCCCCCCCCCCCCCCCCCCCCCCCCCCCC",0,0,100
"MPPs_5.pdb","CCCCCCTTTTTTTTTTTTTCCCEETTTEECTTTTTTTTTTTCCCCCCC",0,8.33333333333333,91.6666666666667
"MPPs_50.pdb","CCCCCCCBCCCCTTTTTCCCCBCCCCCCCCCCCCCCCCCCCCCCCCCCCCCCC",0,0,100
"MPPs_51.pdb","CCCCCCCCCTTTTCCCCTTTTTTTTTTTTTTTTTTCTTTTTTTTTTTTTTCCC",0,0,100
"MPPs_52.pdb","CCCCCCCCCCCCCCCCCCCCC",0,0,100
"MPPs_53.pdb","TTTTTTTTTTC",0,0,100
"MPPs_54.pdb","CCCCCC",0,0,100
"MPPs_55.pdb","CCCCCC",0,0,100
"MPPs_56.pdb","CCCCCCCCCCTTTTCCCCC",0,0,100
"MPPs_57.pdb","CCCCCCCCCCCCCCCCCC",0,0,100
"MPPs_58.pdb","CCCCCCCCCCCCCCCCCCCCCCCCCCCCCCCCCCC",0,0,100
"MPPs_59.pdb","CCCCCCCCCC",0,0,100
"MPPs_6.pdb","CCCCCCCCCCCCCCCCCCCCCCCCCCTTTTTTTCTTTCC",0,0,100
"MPPs_60.pdb","CEEEEEEETTEEEEEEEC",0,77.7777777777778,22.2222222222222
"MPPs_61.pdb","HHHHHHHHHHHHC",92.3076923076923,0,7.69230769230769
"MPPs_62.pdb","HHHHHHHHHHHC",91.6666666666667,0,8.33333333333334
"MPPs_63.pdb","CHHHHHHHHHHC",83.3333333333333,0,16.6666666666667
"MPPs_64.pdb","HHHHHHHHHHHC",91.6666666666667,0,8.33333333333334
"MPPs_65.pdb","CCCCCCCCCC",0,0,100
"MPPs_66.pdb","CCCCCCTTTTTTTTTCCCCCC",0,0,100
"MPPs_67.pdb","CCCCCCCCC",0,0,100
"MPPs_68.pdb","CCTTTTTTTTTTTTTC",0,0,100
"MPPs_69.pdb","CCCCCCTTTTTTTTTTC",0,0,100
"MPPs_7.pdb","CCCCCCCCCCCCCCCCCCCCCCCCCCCCCCCCCCCC",0,0,100
"MPPs_70.pdb","CHHHHHHHHHHHHHHHHHHC",90,0,10
"MPPs_72.pdb","CCCCCCCCCCCCC",0,0,100
"MPPs_73.pdb","CCCCCCCCCCCCCCCTTTTTTTTTTTTTTCCCCCCCCCCTTTCCCCCCCCCCCCCCCCCCCCCCCCCCCCCCCCCCCCCCCCCCCCCCC",0,0,100
"MPPs_74.pdb","CCCCCTTHHHHHHHHHC",52.9411764705882,0,47.0588235294118
"MPPs_75.pdb","CCCCTTHHHHHHHHHC",56.25,0,43.75
"MPPs_76.pdb","CCTTHHHHHHHHHC",64.2857142857143,0,35.7142857142857
"MPPs_77.pdb","TTTTTTHHHHHHHHHHHHHHC",66.6666666666667,0,33.3333333333333
"MPPs_78.pdb","CCCCCCCHHHHHHHHHHHHHHCC",60.8695652173913,0,39.1304347826087
"MPPs_79.pdb","TTTCTTTTTTTHHHHHHHHHC",42.8571428571429,0,57.1428571428571
"MPPs_8.pdb","TTTCCCCCCCCCCCCCCC",0,0,100
"MPPs_80.pdb","CCCEEEETTTEEEEETTTTCEEEEECCCCCCCCCCCBC",0,36.8421052631579,63.1578947368421
"MPPs_81.pdb","CCCCCCCCCTTTTCCTTTTTTTTTTTHHHHHHHHHHCCC",25.6410256410256,0,74.3589743589744
"MPPs_82.pdb","HHHHHHHHHHHHC",92.3076923076923,0,7.69230769230769
"MPPs_83.pdb","TTTTTTHHHHHHHHHHHHHHC",66.6666666666667,0,33.3333333333333
"MPPs_84.pdb","CCCCTTTHHHHHHHHHHHHHC",61.9047619047619,0,38.0952380952381
"MPPs_85.pdb","CCCCTTTHHHHHHHHHHHHHC",61.9047619047619,0,38.0952380952381
"MPPs_86.pdb","CTTTTTTHHHHHHHHHHHHHC",61.9047619047619,0,38.0952380952381
"MPPs_87.pdb","CCCCCCCCCCC",0,0,100
"MPPs_88.pdb","CHHHHHHHHHHHHHHHHC",88.8888888888889,0,11.1111111111111
"MPPs_89.pdb","CHHHHHHHHHHHHHHHHHHHC",90.4761904761905,0,9.52380952380952
"MPPs_9.pdb","CCCCCCCCTTTTCTTTTCCC",0,0,100
"MPPs_90.pdb","HHHHHHHHHHHHHHHHHHHTTTTTTTTCCC",63.3333333333333,0,36.6666666666667
"MPPs_91.pdb","HHHHHHHHHHHHHHHHHHHHTTTTTTTTCC",66.6666666666667,0,33.3333333333333
"MPPs_92.pdb","CCCCCCCHHHHHCC",35.7142857142857,0,64.2857142857143
"MPPs_93.pdb","TTTTTTTTTTC",0,0,100
"MPPs_94.pdb","CHHHHHHHHHTTTC",64.2857142857143,0,35.7142857142857
"MPPs_95.pdb","CHHHHHHHHHHHHHHHHHHC",90,0,10
"MPPs_96.pdb","TTTBCTTTTBCHHHHHHHHHHTTTTCCEEEEGGGCEEEEC",32.5,20,47.5
"MPPs_97.pdb","CCCCCCCCCCCTTTTTTTCCCCCCCCCCCCCCCCCCGGGTTTCTTTCCCTTTTCCCC",5.26315789473684,0,94.7368421052632
"MPPs_98.pdb","CCCCCCCCCCEETTTTCEECCC",0,18.1818181818182,81.8181818181818
"MPPs_99.pdb","CCCCCCCCCCCCCCCCCCC",0,0,100
